nombre,correo,telefono
Plinio Carrillo Casanovas,plinio.carrillo.casanovas_at_email.com,3704502086
Plinio Carrillo Casanovas,plinio.carrillo.casanovas_at_email.com,3704502086
Plinio Carrillo Casanovas,plinio.carrillo.casanovas_at_email.com,3704502086
Plinio Carrillo Casanovas,plinio.carrillo.casanovas_at_email.com,3704502086
Odalys Roca Ballesteros,odalys.roca.ballesteros@email.com,3628306135
Fermín Tejada Valencia,fermin.tejada.valencia_at_email.com,3460748404
Fermín Tejada Valencia,fermin.tejada.valencia_at_email.com,3460748404
Fermín Tejada Valencia,fermin.tejada.valencia_at_email.com,3460748404
Fermín Tejada Valencia,fermin.tejada.valencia_at_email.com,3460748404
Jovita Pareja Benet,jovita.pareja.benet@email.com,3638291815
Jovita Pareja Benet,jovita.pareja.benet@email.com,3638291815
Jovita Pareja Benet,jovita.pareja.benet@email.com,3638291815
Jovita Pareja Benet,jovita.pareja.benet@email.com,3638291815
Chita Coello Mas,chita.coello.mas@email.com,3723185167
Chita Coello Mas,chita.coello.mas@email.com,3723185167
Segismundo Jacinto Reig Castro,segismundo.jacinto.reig.castro_at_email.com,3179932502
Julieta Díaz González,julieta.diaz.gonzalez@email.com,3568932294
Julieta Díaz González,julieta.diaz.gonzalez@email.com,3568932294
Rosenda Figueroa Quero,rosenda.figueroa.quero@email.com,3718643942
Rosenda Figueroa Quero,rosenda.figueroa.quero@email.com,3718643942
Anna Navas Alcázar,anna.navas.alcazar@email.com,3660623208
Anna Navas Alcázar,anna.navas.alcazar@email.com,3660623208
Anna Navas Alcázar,anna.navas.alcazar@email.com,3660623208
Iván Carmona-Comas,ivan.carmona-comas@email.com,3520784515
Iván Carmona-Comas,ivan.carmona-comas@email.com,3520784515
Ciro de Valle,ciro.de.valle_at_email.com,3128371923
Ciro de Valle,ciro.de.valle_at_email.com,3128371923
Ciro de Valle,ciro.de.valle_at_email.com,3128371923
Ciro de Valle,ciro.de.valle_at_email.com,3128371923
Paulina de Ponce,paulina.de.ponce@email.com,3047304118
Paulina de Ponce,paulina.de.ponce@email.com,3047304118
Paulina de Ponce,paulina.de.ponce@email.com,3047304118
Alonso Conrado Abella Borrás,alonso.conrado.abella.borras@email.com,3771745661
Alonso Conrado Abella Borrás,alonso.conrado.abella.borras@email.com,3771745661
Alonso Conrado Abella Borrás,alonso.conrado.abella.borras@email.com,3771745661
Efraín Moraleda Valls,efrain.moraleda.valls_at_email.com,3167079388
Susana Alcázar Gomila,susana.alcazar.gomila_at_email.com,3231935169
María Belén Carrión Higueras,maria.belen.carrion.higueras_at_email.com,3179377949
María Belén Carrión Higueras,maria.belen.carrion.higueras_at_email.com,3179377949
Felicidad Torrent Olivera,felicidad.torrent.olivera@email.com,3733615340
Darío Aureliano Mayol Macías,dario.aureliano.mayol.macias_at_email.com,3494021385
Darío Aureliano Mayol Macías,dario.aureliano.mayol.macias_at_email.com,3494021385
Francisca Modesta Serrano Yuste,francisca.modesta.serrano.yuste_at_email.com,3935312522
Gala Murillo-Andres,gala.murillo-andres@email.com,3341041026
Jorge del Quiroga,jorge.del.quiroga@email.com,3283061794
Jorge del Quiroga,jorge.del.quiroga@email.com,3283061794
Adora Cuadrado,adora.cuadrado_at_email.com,3338458825
Galo Nieto Lorenzo,galo.nieto.lorenzo@email.com,3263719460
Galo Nieto Lorenzo,galo.nieto.lorenzo@email.com,3263719460
Osvaldo Dávila Vall,osvaldo.davila.vall@email.com,3043868176
Ester Cornejo Coloma,ester.cornejo.coloma_at_email.com,3172923010
Ester Cornejo Coloma,ester.cornejo.coloma_at_email.com,3172923010
Ester Cornejo Coloma,ester.cornejo.coloma_at_email.com,3172923010
Ester Cornejo Coloma,ester.cornejo.coloma_at_email.com,3172923010
Juan Luis de Ledesma,juan.luis.de.ledesma_at_email.com,3885375884
Paloma Jordán-Peñas,paloma.jordan-peñas_at_email.com,3419717247
Paloma Jordán-Peñas,paloma.jordan-peñas_at_email.com,3419717247
Esther Valdés Garmendia,esther.valdes.garmendia@email.com,3983652097
Esther Valdés Garmendia,esther.valdes.garmendia@email.com,3983652097
Lisandro Villanueva Esteban,lisandro.villanueva.esteban@email.com,3607750830
Lina Sevilla Verdú,lina.sevilla.verdu_at_email.com,3794772434